epochs,train_losses,test_losses
0,0.1335967182695003,0.31724255380300087
