epochs,train_losses,test_losses
0,1.108397534283129,0.6766106118493523
1,0.5685710732036778,0.4987052365526722
