epochs,train_losses,test_losses
0,0.14241131533012424,0.5197485997332484
