epochs,train_losses,test_losses
0,0.3601623982121635,0.020141207589767875
1,-1.124494359795595,0.012754167246632277
