epochs,train_losses,test_losses
0,5.099860427283844,1.4708931161165237
1,4.887912189775437,1.432394007205963
