epochs,train_losses,test_losses
0,0.2296755514740847,0.49024688036083475
1,0.1721959474630455,0.484801848677745
2,0.1698648562786947,0.4828892921811974
