epochs,train_losses,test_losses
0,0.01505087268518284,0.0008428324665039511
1,0.001163989472980611,0.0008893139478804189
