epochs,train_losses,test_losses
0,0.20962775464999206,0.3708826674120567
1,0.10962172485669867,0.3207361393631784
