epochs,train_losses,test_losses
0,0.2362091670596879,0.5218044908580334
1,0.17899448536675747,0.49816776754876274
2,0.17446648560600111,0.4936584414176221
3,0.17297866140300178,0.4898759603267687
