epochs,train_losses,test_losses
0,0.27177889573732067,0.36164677055842237
