epochs,train_losses,test_losses
0,0.20910030585173126,0.3656051166079303
