epochs,train_losses,test_losses
0,5.170052218883586,1.4490083295106888
1,4.86655577134468,1.433088734269142
2,4.83845531572283,1.4661114078760147
