epochs,train_losses,test_losses
0,-0.03773890376886688,1.0917230546474457
1,-0.4744033658198181,0.895734041929245
2,-0.5436363928912386,0.9234819114208221
