epochs,train_losses,test_losses
0,0.2849414468334616,1.3944378919591933e-13
1,1.88365722976213e-08,7.636652232518324e-11
