epochs,train_losses,test_losses
0,-0.002015143552147914,0.3100087856799364
