epochs,train_losses,test_losses
0,0.1562136616939576,0.34431230210854363
1,0.10564358052361342,0.313750175574872
2,0.09930372488895212,0.3069625080000454
