epochs,train_losses,test_losses
0,0.10452888059510414,0.530664574017987
