epochs,train_losses,test_losses
0,0.5095118074014385,0.884720787027864
1,0.30435988789687274,0.8195405872362964
