epochs,train_losses,test_losses
0,0.0016669050828926266,0.0012786223763816425
1,0.0012360333814192563,0.001216660510048344
