epochs,train_losses,test_losses
0,-0.027021723547708116,0.5111985314190388
