epochs,train_losses,test_losses
0,0.13093122343181904,0.31606525450305034
1,0.09823313500688556,0.3097682740871365
