epochs,train_losses,test_losses
0,296055960.0280632,4.149215260673972
