epochs,train_losses,test_losses
0,0.24616217467933288,0.5186225352334041
1,0.11113969546294895,0.5121959604858572
2,0.10206144065225363,0.5062703821394179
