epochs,train_losses,test_losses
0,0.17464771846863128,0.31545899162722163
1,0.0981026796403504,0.31090564425688094
2,0.09620187656497056,0.30541390141807906
