epochs,train_losses,test_losses
0,0.2397124523693234,0.7033570534273953
