epochs,train_losses,test_losses
0,1.7240346360969543,1.4167045475426159
1,1.3895723937225342,1.3779614603626285
2,1.379230302848816,1.3831284897886074
