epochs,train_losses,test_losses
0,1.6514722979545593,1.408191413183371
1,1.3874239880371093,1.3788048316666168
