epochs,train_losses,test_losses
0,1.343664203806209,0.840696108655334
