epochs,train_losses,test_losses
0,0.29464432762823056,0.1664043537249562
1,0.15272539371785768,0.1431929261587856
2,0.14189806403428626,0.13921480263276154
3,0.13929435838602858,0.13756736619525245
