epochs,train_losses,test_losses
0,0.19526635895246275,0.3667644866310162
