epochs,train_losses,test_losses
0,0.33175216427315024,0.004606283385045445
1,0.00048134853908662846,7.118829980098022e-13
2,1.8329676756664013e-06,5.04620475718014e-05
