epochs,train_losses,test_losses
0,0.11561415955320088,0.3810858064238406
1,0.11561301499835434,0.3811138831491042
2,0.11561315714229545,0.38108597652200144
