epochs,train_losses,test_losses
0,0.3653837244354174,0.022025186796174333
