epochs,train_losses,test_losses
0,0.6419684904623032,0.5163055047221129
1,0.4936388237810135,0.4865903953202403
