epochs,train_losses,test_losses
0,0.001351851450904078,0.0004288021108986049
1,0.0004242776425021811,0.0004461763711710583
